Model,Accuracy,F1 Score
KNN,0.9972850678733032,0.9940167530913443
Deep Learning,0.9998189806938171,0.9996007984031936
